<?xml version="1.0" encoding="UTF-8"?>
<project-private xmlns="http://www.netbeans.org/ns/project-private/1">
    <editor-bookmarks xmlns="http://www.netbeans.org/ns/editor-bookmarks/2" lastBookmarkId="0"/>
    <open-files xmlns="http://www.netbeans.org/ns/projectui-open-files/2">
        <group>
            <file>file:/C:/Users/DELL/OneDrive%20-%20Egyptian%20E-Learning%20University/Documents/NetBeansProjects/LibraryMangementSystem/src/librarymanagementsystem/Login.java</file>
            <file>file:/C:/Users/DELL/OneDrive%20-%20Egyptian%20E-Learning%20University/Documents/NetBeansProjects/LibraryMangementSystem/src/librarymanagementsystem/Insert.java</file>
            <file>file:/C:/Users/DELL/OneDrive%20-%20Egyptian%20E-Learning%20University/Documents/NetBeansProjects/LibraryMangementSystem/src/librarymanagementsystem/Demo.java</file>
            <file>file:/C:/Users/DELL/OneDrive%20-%20Egyptian%20E-Learning%20University/Documents/NetBeansProjects/LibraryMangementSystem/src/librarymanagementsystem/ShowTran.java</file>
            <file>file:/C:/Users/DELL/OneDrive%20-%20Egyptian%20E-Learning%20University/Documents/NetBeansProjects/LibraryMangementSystem/src/librarymanagementsystem/UpdateBooks.java</file>
            <file>file:/C:/Users/DELL/OneDrive%20-%20Egyptian%20E-Learning%20University/Documents/NetBeansProjects/LibraryMangementSystem/src/librarymanagementsystem/DatabaseAndLogger/Database.java</file>
            <file>file:/C:/Users/DELL/OneDrive%20-%20Egyptian%20E-Learning%20University/Documents/NetBeansProjects/LibraryMangementSystem/src/librarymanagementsystem/Return.java</file>
            <file>file:/C:/Users/DELL/OneDrive%20-%20Egyptian%20E-Learning%20University/Documents/NetBeansProjects/LibraryMangementSystem/src/librarymanagementsystem/Update.java</file>
            <file>file:/C:/Users/DELL/OneDrive%20-%20Egyptian%20E-Learning%20University/Documents/NetBeansProjects/LibraryMangementSystem/src/librarymanagementsystem/Show.java</file>
        </group>
    </open-files>
</project-private>
